{
    "title" : [
        {
            "greeting" : "Welcome to",
            "heading" : "Hospital Indemnity Flex"
        }
    ],
    "countries" : [
        {
            "id": "NC",
            "state":  "NC"
        },
        {
            "id": "PA",
            "state": "PA"
        }

    ],

    "flex" : [
        {
            "heading" : "Why do you need the Hospital Indemnity Flex plan?",
            "description" : "Lorem ipsum dolor sit amet, consectetur adipiscing elit. Aenean euismod bibendum laoreet. Proin gravida dolor sit amet lacus accumsan et viverra justo commodo. Proin sodales pulvinar tempor. Cum sociis natoque penatibus et magnis dis parturient montes, nascetur ridiculus mus. Nam fermentum, nulla luctus pharetra vulputate, felis tellus mollis orci, sed rhoncus sapien nunc eget."
        }
    ],

    "disclosure" : [
        {
            "heading" : "Ad Disclosure:",
            "description1" : "Underwritten by Continental Life Insurance Company of Brentwood, Tennessee, 800 Crescent Centre Drive, Suite 200, Franklin, TN 37067. In Alaska, Connecticut, Hawaii, Massachusetts, Maine, New York and Washington, coverage is underwritten by Aetna Life Insurance Company, 151 Farmington Avenue, Hartford, CT 06156.",
            "description2" : "Coverage may not be available in all states and benefits and rates may vary by state. Exclusions, limitations and reductions may apply and in some states there is a 30 day waiting period before you are eligible for benefits. In states where the intensive care rider is approved, benefit reductions begin at age 65. Coverage for domestic partners, civil union partners and other beneficiaries varies by state and dependent child coverage may vary by state.",
            "description3" : "Please review the exclusions and limitations for the state of Arizona.",
            "description4" : "A more detailed description of the benefits, limitations, and exclusions applicable to both the Cancer or Cancer, Heart Attack or Stroke insurance policies and the intensive care rider can be found in the applicable state specific Outline of Coverage. Click Here for an Outline of Coverage for your state.",
            "description5": "Policy forms CLICANFD14 (Cancer only coverage), CLICANHS14 (Cancer, Heart Attack or Stroke coverage) and CLIRIDICU14 (Intensive Care rider) or state equivalents.",
            "description6" : "(In Idaho, CLICANFD14ID, CLICANHS14ID and CLIRIDICU14ID; in Oklahoma, CLICANFD14OK, CLICANHS14OK and CLIRIDICU14OK; in Oregon, CLICANFD14OR,CLICANHS14OR and CLIRIDICU14; in Pennsylvania,CLICANFD14PA, CLICANHS14PA and CLIRIDICU14PA; in Texas, CLISDCAN14TX, CLISDCHS14 TX and CLIRIDICU14TX;in Washington, ALCCANHS14WA and ALCCANFD14WA.)",
            "description7" : "THESE POLICIES PROVIDE LIMITED BENEFITS. These supplemental policies do not provide comprehensive health (major medical) insurance or satisfy the federal government's requirements for minimum essential coverage. These are not Medicare Supplement Plans. ",
            "description8" : "This policy does not provide basic hospital, basic medical, or major medical insurance, as defined by the New York State Insurance Department. The expected benefit ratio for this policy is 60%. This ratio is the portion of future premiums which the company expects to return as benefits when averaged over all people with this policy."
        }
    ],

    "flexplan" : [
        {
            "heading" : "Hospital Indemnity Flex",
            "description" : "Lorem ipsum dolor sit amet, consectetur adipiscing elit. Aenean euismod bibendum laoreet. Proin gravida dolor sit amet lacus accumsan et viverra justo commodo. Proin sodales pulvinar tempor. Cum sociis natoque penatibus et magnis dis parturient montes, nascetur ridiculus mus. Nam fermentum, nulla luctus pharetra vulputate, felis tellus mollis orci, sed rhoncus sapien nunc eget."
        }
    ],
    "aboutus" : [
        {
            "heading" : "About Us",
            "description" : "Aetna is one of the nation's leading diversified health care benefits companies, serving an estimated 44 million people with information and resources to help them make better informed decisions about their health care. Aetna offers a broad range of traditional, voluntary and consumer-directed health insurance products and related services, and health information technology products and services. Aetna's customers include employer groups, individuals, college students, part-time and hourly workers, health plans, health care providers, governmental units, government-sponsored plans, labor groups and expatriates. For more information, go to www.aetna.comAbout Us"
        }
    ],
    "planA" : [
        {
            "name" : "Hospital Indemnity Plan-A",
            "rate" : "$22.71",
            "tenure" : "Per Month",
            "plandesc" : "The Gold plan includes lorem ipsum dolor sit amet, consectetur adipiscing elit. Aenean euis bibendum laoreet."

        }
    ],
    "planB" : [
        {
            "name" : "Hospital Indemnity Plan-B",
            "rate" : "$22.71",
            "tenure" : "Per Month",
            "plandesc" : "The silver plan includes lorem ipsum dolor sit amet, consectetur adipiscing elit. Aenean euis bibendum laoreet."

        }
    ],
    "planC" : [
        {
            "name" : "Hospital Indemnity Plan-C",
            "rate" : "$22.71",
            "tenure" : "Per Month",
            "plandesc" : "The Bronze plan includes lorem ipsum dolor sit amet, consectetur adipiscing elit. Aenean euis bibendum laoreet."

        }
    ],
    "plans" : [
        {
            "name": "Option 1", 
            "rate":  "$22.71",
            "tenure":  "Per Month",
            "desc":  "The Gold plan includes lorem ipsum dolor sit amet, consectetur adipiscing elit. Aenean euis bibendum laoreet.",
            "more":  "Read More",
            "action":  "ENROLL NOW"
        },
        {
            "name": "Option 2", 
            "rate":  "$20.11",
            "tenure":  "Per Month",
            "desc":  "The Silver plan includes lorem ipsum dolor sit amet, consectetur adipiscing elit. Aenean euis bibendum laoreet.",
            "more":  "Read More",
            "action":  "ENROLL NOW"
        },
        {
            "name": "Option 3", 
            "rate":  "$18.35",
            "tenure":  "Per Month",
            "desc":  "The Bronze plan includes lorem ipsum dolor sit amet, consectetur adipiscing elit. Aenean euis bibendum laoreet.",
            "more":  "Read More",
            "action":  "ENROLL NOW"
        }

    ]
}
