
    {
      "productId": 1,
      "stateCode": "AL",
      "sectionName": "Eligibility Question",
      "screenName": "Plan Eligibility",
      "questions": [
        {
          "primaryQuestionId": "AL_BRK_MS_P001",
          "primaryQuestionTxt": "Did you turn age 65 in the last 6 months or in next six months?",
          "answerTypeName": "Indicator",
          "secondaryQuestions": [
            {
              "secondaryQuestionId": "AL_BRK_MS_S001",
              "secondaryQuestionTxt": "Did you enroll in Medicare Part B in the last 6 months or in next 6 months ? If WI, then in the next 90 days.",
              "answerTypeName": "Indicator",
              "sequenceOrderNo": "2"
    
            },
            {
              "secondaryQuestionId": "AL_BRK_MS_S002",
              "secondaryQuestionTxt": "If yes, what is the effective date?",
              "answerTypeName": "Indicator",
              "sequenceOrderNo": "3"
              
            }
          ]
        },
        {
          "primaryQuestionId": "AL_BRK_MS_P002",
          "primaryQuestionTxt": "Are you covered for medical assistance through the state Medicaid program?",
          "answerTypeName": "Indicator",
          "secondaryQuestions": [
            {
              "secondaryQuestionId": "AL_BRK_MS_S003",
              "secondaryQuestionTxt": "If yes:  Will Medicaid pay your premiums for this Medicare Supplement policy?",
              "answerTypeName": "Indicator",
              "sequenceOrderNo": "5"
              
            },
            {
              "secondaryQuestionId": "AL_BRK_MS_S004",
              "secondaryQuestionTxt": "Do you receive any benefits from Medicaid other than payments toward your Medicare Part B premium?",
              "answerTypeName": "Indicator",
              "sequenceOrderNo": "6"
              
            },
            {
              "secondaryQuestionId": "AL_BRK_MS_S005",
              "secondaryQuestionTxt": "Is this a voluntary termination",
              "answerTypeName": "Indicator",
              "sequenceOrderNo": "7"
              
            }
          ]
        },
        {
          "primaryQuestionId": "AL_BRK_MS_P003",
          "primaryQuestionTxt": "If you had coverage from any Medicare plan other than original Medicare within the past 63 days (for example, a Medicare Advantage plan, or a Medicare HMO or PPO), fill in your start and end dates below.",
          "answerTypeName": "Start_End_Date",
          "secondaryQuestions": [
            {
              "secondaryQuestionId": "AL_BRK_MS_S006",
              "secondaryQuestionTxt": "Is this a voluntary termination",
              "answerTypeName": "Indicator",
              "sequenceOrderNo": "9"
              
            },
            {
              "secondaryQuestionId": "AL_BRK_MS_S007",
              "secondaryQuestionTxt": "If you are still covered under the Medicare plan, do you intend to replace your current coverage with this new Medicare Supplement policy?",
              "answerTypeName": "Indicator",
              "sequenceOrderNo": "10"
              
            },
            {
              "secondaryQuestionId": "AL_BRK_MS_S008",
              "secondaryQuestionTxt": "Was this your first time in this type of Medicare plan?",
              "answerTypeName": "Indicator",
              "sequenceOrderNo": "11"
             
            },
            {
              "secondaryQuestionId": "AL_BRK_MS_S009",
              "secondaryQuestionTxt": "Did you drop a Medicare Supplement policy to enroll in the Medicare plan?",
              "answerTypeName": "Indicator",
              "sequenceOrderNo": "12"
            },
            {
              "secondaryQuestionId": "AL_BRK_MS_S010",
              "secondaryQuestionTxt": "Was your Medicare Supplement policy with Aetna?",
              "answerTypeName": "Indicator",
              "sequenceOrderNo": "13"
            }
          ]
        },
        {
          "primaryQuestionId": "AL_BRK_MS_P004",
          "primaryQuestionTxt": "Do you have another Medicare Supplement policy inforce?",
          "answerTypeName": "Indicator",
          "secondaryQuestions": [
            {
              "secondaryQuestionId": "AL_BRK_MS_S011",
              "secondaryQuestionTxt": "Are you replacing an Aetna policy? If yes - provide company, plan and policy number, if no â€“ provide company and plan.",
              "answerTypeName": "Indicator",
              "sequenceOrderNo": "15"
            },
            {
              "secondaryQuestionId": "AL_BRK_MS_S012",
              "secondaryQuestionTxt": "If so, do you intend to replace your current Medicare Supplement policy with this policy?",
              "answerTypeName": "Indicator",
              "sequenceOrderNo": "16"
            }
          ]
        },
        {
          "primaryQuestionId": "AL_BRK_MS_P005",
          "primaryQuestionTxt": "Have you had coverage under any other health insurance within the past 63 days?  (For example, an employer, union, or individual plan)",
          "answerTypeName": "Indicator",
          "secondaryQuestions": [
            {
              "secondaryQuestionId": "AL_BRK_MS_S013",
              "secondaryQuestionTxt": "If so , with what company, and what kind of policy?",
              "answerTypeName": "Indicator",
              "sequenceOrderNo": "18"
            },
            {
              "secondaryQuestionId": "AL_BRK_MS_S014",
              "secondaryQuestionTxt": "What are your start and end dates of coverage under the other policy? (If you are still covered under the other policy, leave End blank.)",
              "answerTypeName": "Indicator",
              "sequenceOrderNo": "19"
            },
            {
              "secondaryQuestionId": "AL_BRK_MS_S015",
              "secondaryQuestionTxt": "Are you currently covered or are you losing COBRA coverage?",
              "answerTypeName": "Indicator",
              "sequenceOrderNo": "20"
            },
            {
              "secondaryQuestionId": "AL_BRK_MS_S016",
              "secondaryQuestionTxt": "Is this a voluntary termination?",
              "answerTypeName": "Indicator",
              "sequenceOrderNo": "21"
            }
          ]
        }
      ]
    }
